job_id,job_type,company,job_name,start_time,job_link
538179,实习,百度AI人工智能,测试开发实习生,2017-02-15,https://bbs.byr.cn/article/ParttimeJob/538179
538340,内推,百度,云计算部门实习生（INF独立出去的）,2017-02-15,https://bbs.byr.cn/article/ParttimeJob/538340
538315,实习,搜狗,诚招JAVA开发实习生,2017-02-15,https://bbs.byr.cn/article/ParttimeJob/538315
538316,实习,北京永安,定位和机器人实习生内推（优秀者可以转正,2017-02-15,https://bbs.byr.cn/article/ParttimeJob/538316
538317,实习,梦想旅行,诚聘产品助理实习生—可转正,2017-02-15,https://bbs.byr.cn/article/ParttimeJob/538317
538318,实习,梦想旅行,诚聘平台研发工程师——可转正,2017-02-15,https://bbs.byr.cn/article/ParttimeJob/538318
538327,实习,蚂蜂窝旅行网,PHP开发实习生，可转正,2017-02-15,https://bbs.byr.cn/article/ParttimeJob/538327
538330,实习,今日头条,HRBP实习生（偏招聘）HR实习生（偏视觉设,2017-02-15,https://bbs.byr.cn/article/ParttimeJob/538330
538331,实习,洋钱罐,诚聘JAVA实习生，可转正，百亿平台欢迎您！,2017-02-15,https://bbs.byr.cn/article/ParttimeJob/538331
538334,实习,滴滴出行,招募测试开发岗位实习生,2017-02-15,https://bbs.byr.cn/article/ParttimeJob/538334
538351,实习,图灵机器人,AI实习生（NLP/深度学习算法 /SLAM）,2017-02-15,https://bbs.byr.cn/article/ParttimeJob/538351
538353,实习,绿盟科技,诚聘政府事务部实习生,2017-02-15,https://bbs.byr.cn/article/ParttimeJob/538353
538370,内推,30k～50k,美团招Android/iOS高级工程师,2017-02-15,https://bbs.byr.cn/article/ParttimeJob/538370
538373,兼职,私活,4000元寻一人用matlab做一个MIMO相关的仿真，,2017-02-15,https://bbs.byr.cn/article/ParttimeJob/538373
538187,实习,北京智元未来有限公司,-大数据/分布式计算工程师,2017-02-15,https://bbs.byr.cn/article/ParttimeJob/538187
538188,实习,安润普科技有限公司,-算法工程师,2017-02-15,https://bbs.byr.cn/article/ParttimeJob/538188
538206,实习,中国电信北京研究院,云计算与大数据前端实习生,2017-02-15,https://bbs.byr.cn/article/ParttimeJob/538206
538314,实习,星环科技,2018届长期实习生招聘,2017-02-15,https://bbs.byr.cn/article/ParttimeJob/538314
538313,实习,星环科技,实习招聘-上海,2017-02-15,https://bbs.byr.cn/article/ParttimeJob/538313
538281,实习,新浪微博,  php开发实习生,2017-02-15,https://bbs.byr.cn/article/ParttimeJob/538281
538220,实习,三星电子中国研究院,深度学习算法实习生,2017-02-15,https://bbs.byr.cn/article/ParttimeJob/538220
538196,实习,北京大学,在线教育创业团队招前端实习生,2017-02-15,https://bbs.byr.cn/article/ParttimeJob/538196
538198,实习,新浪,招募数据产品 前端开发 ,2017-02-15,https://bbs.byr.cn/article/ParttimeJob/538198
538200,实习,网易游戏,2017雷火盘古事业群精英实习生招聘启动！,2017-02-15,https://bbs.byr.cn/article/ParttimeJob/538200
538203,实习,新浪,大数据系统爬虫实习生,2017-02-15,https://bbs.byr.cn/article/ParttimeJob/538203
538208,实习,新浪,自然语言处理实习生,2017-02-15,https://bbs.byr.cn/article/ParttimeJob/538208
538216,实习,百度,商业基础平台部策略实习生,2017-02-15,https://bbs.byr.cn/article/ParttimeJob/538216
538223,实习,星环科技,2018届长期实习生招聘,2017-02-15,https://bbs.byr.cn/article/ParttimeJob/538223
538269,实习,星环科技,实习招聘-上海,2017-02-15,https://bbs.byr.cn/article/ParttimeJob/538269
538224,实习,星环科技,实习招聘-上海,2017-02-15,https://bbs.byr.cn/article/ParttimeJob/538224
538246,实习,今日头条,HR实习生,2017-02-15,https://bbs.byr.cn/article/ParttimeJob/538246
538248,实习,今日头条,iOS开发实习生,2017-02-15,https://bbs.byr.cn/article/ParttimeJob/538248
538249,实习,今日头条,Android开发实习生,2017-02-15,https://bbs.byr.cn/article/ParttimeJob/538249
538222,实习,中国移动研究院,JAVA开发实习生,2017-02-15,https://bbs.byr.cn/article/ParttimeJob/538222
538268,实习,星环科技,2018届长期实习生招聘,2017-02-15,https://bbs.byr.cn/article/ParttimeJob/538268
538205,实习,中国电信北京研究院,云计算与大数据JAVA实习生,2017-02-15,https://bbs.byr.cn/article/ParttimeJob/538205
538183,实习,阿里菜鸟-北京,前端，Java，Android，iOS开发实习生,2017-02-15,https://bbs.byr.cn/article/ParttimeJob/538183
538530,实习,新浪,数据产品开发,2017-02-15,https://bbs.byr.cn/article/ParttimeJob/538530
538594,实习,安润普科技有限公司,-数据算法工程师 (医疗方向),2017-02-15,https://bbs.byr.cn/article/ParttimeJob/538594
538128,实习,爱奇艺,爱奇艺头条产品实习生招聘,2017-02-15,https://bbs.byr.cn/article/ParttimeJob/538128
538326,兼职,实习,搜狗商业产品与运营实习生招聘,2017-02-15,https://bbs.byr.cn/article/ParttimeJob/538326
538324,兼职,慧聘,简单数据处理工作,2017-02-15,https://bbs.byr.cn/article/ParttimeJob/538324
538627,实习,星环科技,实习招聘-上海,2017-02-15,https://bbs.byr.cn/article/ParttimeJob/538627
538189,实习,安润普科技有限公司,-数据算法工程师 (医疗方向),2017-02-15,https://bbs.byr.cn/article/ParttimeJob/538189
